{
"people" : {
    "староста": "приветствую !",
    "деревенщина" : "привет !"
    },
"otvet":{
    "староста": "приветствую ",
    "деревенщина" : "привет "
    

    },
"otvetnik":{
    "староста": " да ",
    "деревенщина" : " ага "
},
    





"староста":{
        "dialog_id":0,
    "dialog":[["приветствую ", ["A",2],["b" , 1]],
                ["мне простраелили колено", ["B",5], "C"],
                ["мне простраелили колено_1", "B", "C"]
            ],
    "otvet":["привет","выаваы"]
}
}